id1;id2;lemma1;lemma2;wup;lch;path
bn:15653856n;bn:21384886n;Cibao_Marl;Levally_Lough;0.5;1.5040773967762742;0.25
bn:08864746n;bn:06947256n;Kaustifikace;Laguna_Madre_Sal;0.5;1.0986122886681098;0.16666666666666666
bn:00081683n;bn:00075601n;wreckage;Swiss;0.5;1.0986122886681098;0.16666666666666666
bn:00010453n;bn:00076232n;bilocation;tax_haven;0.16666666666666666;2.1972245773362196;0.5
bn:10842407n;bn:06160422n;Parque_Comandante_Jacques_Cousteau;Высшая_мера;0.5714285714285714;0.9444616088408514;0.14285714285714285
bn:07524412n;bn:01122624n;Wessely–Moser重排反应;Carbidopa/levodopa/entacapone;0.3333333333333333;1.5040773967762742;0.25
bn:00159465n;bn:04598221n;Hypohalite;Diazotació;0.3333333333333333;1.5040773967762742;0.25
bn:17554395n;bn:16178625n;Santo_Rosario,_Comacchio;Hungry_Valley_Formation;0.3333333333333333;1.5040773967762742;0.25
bn:00010514n;bn:02197997n;biological_warfare;Stød;0.5714285714285714;0.9444616088408514;0.14285714285714285
bn:16604928n;bn:00046697n;Cloyd_Conglomerate;influence;0.5;1.0986122886681098;0.16666666666666666
bn:00026209n;bn:00076363n;denaturant;teetotaler;0.5714285714285714;1.0986122886681098;0.16666666666666666
bn:16204063n;bn:14946613n;Narrow_Cape_Formation;Road_River_Group;0.16666666666666666;2.1972245773362196;0.5
bn:00026517n;bn:22621880n;desensitization;Whitehill_Formation;0.5;1.0986122886681098;0.16666666666666666
bn:00036336n;bn:03280763n;free-liver;Nauruans;0.2857142857142857;1.791759469228055;0.3333333333333333
bn:01860855n;bn:00055846n;Budden_Canyon_Formation;moraine;0.5;1.0986122886681098;0.16666666666666666
bn:18500795n;bn:01234155n;Rovnice_(Bratislava);Jahn–Teller_effect;0.5;1.5040773967762742;0.25
bn:15479792n;bn:09261058n;Slade_Mudstone;Bolungavík;0.3333333333333333;1.5040773967762742;0.25
bn:01353221n;bn:22835607n;Dashuigou_Formation;Du_Mâle_Lake_(Gouin_Reservoir);0.5;1.5040773967762742;0.25
bn:16200513n;bn:23537395n;Shelikof_Formation;Menke_nitration;0.5;1.0986122886681098;0.16666666666666666
bn:00142897n;bn:15196798n;Meeting_point;Rögling_Formation;0.3333333333333333;1.5040773967762742;0.25
bn:15478915n;bn:10743150n;Blaencediw_Formation;Parque_Rio_das_Pedras;0.3333333333333333;1.5040773967762742;0.25
bn:15819917n;bn:01556469n;Sekmenevka_Formation;Land_of_Nod;0.3333333333333333;1.5040773967762742;0.25
bn:16283436n;bn:15357278n;Wabaunsee_Formation;Bédat_Formation;0.16666666666666666;2.1972245773362196;0.5
bn:05068167n;bn:03782885n;Dolnoperecký_kanál;Allan_Hills;0.16666666666666666;2.1972245773362196;0.5
bn:14767463n;bn:01862321n;Ellis_Bay_Formation;Yacoraite_Formation;0.16666666666666666;2.1972245773362196;0.5
bn:17244499n;bn:17514528n;Copper_zinc_antimony_sulfide;Santissima_Annunziata,_Circello;0.8333333333333334;1.0986122886681098;0.16666666666666666
bn:00579984n;bn:05067478n;Triarylmethane_dye;Banskobystricko-zvolenská_aglomerácia;0.5;1.0986122886681098;0.16666666666666666
bn:17711725n;bn:06947243n;Ranquil_Formation;Laguna_Ixpatz;0.3333333333333333;1.5040773967762742;0.25
bn:00000901n;bn:13187695n;acicula;Ansebech;0.3333333333333333;1.5040773967762742;0.25
bn:00020638n;bn:16555208n;collector's_item;toxification;0.5;1.0986122886681098;0.16666666666666666
bn:13267066n;bn:00069845n;Goaiumer_Feart;talus;0.5;1.5040773967762742;0.25
bn:02473145n;bn:00432856n;Righting_reflex;Diazo;0.5;1.0986122886681098;0.16666666666666666
bn:16118675n;bn:00024706n;Beaver_attack;cybernaut;0.5;1.0986122886681098;0.16666666666666666
bn:22586017n;bn:03661379n;Mininco_Formation;La_Niña;0.5;1.0986122886681098;0.16666666666666666
bn:16284095n;bn:00003728n;Wellington_Formation;anabolic_steroid;0.5714285714285714;0.9444616088408514;0.14285714285714285
bn:19332230n;bn:14945836n;Raudal_Danta_(fors_i_Guaviare);Phantom_Creek_Formation;0.5;1.5040773967762742;0.25
bn:16078159n;bn:02927037n;Sheep_Pen_Sandstone;Muav_Limestone;0.16666666666666666;2.1972245773362196;0.5
bn:16181756n;bn:14962530n;Tulare_Formation;Kiltorcan_Formation;0.16666666666666666;2.1972245773362196;0.5
bn:06535172n;bn:03074895n;Shark_Alley;Dependent_adult;0.5714285714285714;0.9444616088408514;0.14285714285714285
bn:21816742n;bn:03809358n;Ferdows_Hole-in-the-Rock;Allais_effect;0.5;1.0986122886681098;0.16666666666666666
bn:00061550n;bn:14973721n;perfectionist;Antimonio_Formation;0.5714285714285714;0.9444616088408514;0.14285714285714285
bn:15362060n;bn:01081901n;Assise_de_Millery;Light_clay;0.5;1.5040773967762742;0.25
bn:16123273n;bn:14967161n;White_Knob_Formation;Lärchberg_Formation;0.16666666666666666;2.1972245773362196;0.5
bn:01872074n;bn:11003061n;Pietraroja_Formation;Vague_de_contaminations_par_le_VIH_d'Elista;0.5714285714285714;0.9444616088408514;0.14285714285714285
bn:00044537n;bn:02336423n;homelessness;Rodman_Passage;0.5;1.2809338454620642;0.2
bn:01136936n;bn:17440615n;RENEA;Oratory_of_Santa_Maria_Annunciata,_Brendola;0.5714285714285714;0.9444616088408514;0.14285714285714285
bn:16067329n;bn:02452568n;Wiota_Gravels;Red_Crag_Formation;0.16666666666666666;2.1972245773362196;0.5
bn:01922048n;bn:06947257n;Besa_River_Formation;Laguna_Barajo;0.3333333333333333;1.5040773967762742;0.25
bn:22585763n;bn:06823769n;Chipaque_Formation;Canal_das_Flexas;0.5;1.5040773967762742;0.25
bn:03956758n;bn:00077967n;Bolongs;transduction;0.5;1.0986122886681098;0.16666666666666666
bn:15082001n;bn:16063583n;Dessa_Dawn_Formation;Deep_River_Formation;0.16666666666666666;2.1972245773362196;0.5
bn:15581635n;bn:14647561n;Main_Dolomite;Riga_supermarket_roof_collapse;0.5714285714285714;0.9444616088408514;0.14285714285714285
bn:09264387n;bn:19507118n;Skaftárjökull;Lamaké_Soela;0.5;1.5040773967762742;0.25
bn:23965568n;bn:02491227n;Guarujá_Formation;Electron_acceptor;0.5;1.0986122886681098;0.16666666666666666
bn:17381926n;bn:00765799n;Chemical_hazard;Bellefonte_Formation;0.5714285714285714;0.9444616088408514;0.14285714285714285
bn:01862961n;bn:06753760n;Peroxocarbonate;Korrelbeton;0.3333333333333333;1.5040773967762742;0.25
bn:03461180n;bn:09262968n;Flint_Rasmussen;Kjarnaskógur;0.5714285714285714;0.9444616088408514;0.14285714285714285
bn:05556700n;bn:16747303n;Meerwein_salts;Normanskill_Formation;0.5;1.0986122886681098;0.16666666666666666
bn:01004489n;bn:09261168n;Type_IV_hypersensitivity;Löngufjörur;0.5;1.0986122886681098;0.16666666666666666
bn:15362748n;bn:16415624n;Falun_de_Pierrefitte;Hindsville_Limestone;0.16666666666666666;2.1972245773362196;0.5
bn:00052143n;bn:00076575n;lover;teratogen;0.3333333333333333;1.5040773967762742;0.25
bn:19332478n;bn:03379083n;Raudal_Angostura_(fors_i_Colombia,_Caquetá,_lat_-0,33,_long_-72,33);Sudden_cardiac_death;0.5;1.0986122886681098;0.16666666666666666
bn:16721865n;bn:00013475n;Absolvent;brunet;0.16666666666666666;2.1972245773362196;0.5
bn:15200533n;bn:06980031n;Rhaet_Hauptton_Formation;Cachoeira_do_Quirino;0.5;1.5040773967762742;0.25
bn:03284816n;bn:06947236n;Prime_meridian;Laguna_Sábalos;0.16666666666666666;2.1972245773362196;0.5
bn:17516155n;bn:00028334n;San_Giuseppe,_Lendinara;dotage;0.5714285714285714;0.9444616088408514;0.14285714285714285
bn:16328800n;bn:01625346n;Beech_Creek_Formation;Turanid_race;0.5714285714285714;0.9444616088408514;0.14285714285714285
bn:16221448n;bn:21134055n;Reynolds_Limestone;Kamieński_Lagoon;0.5;1.5040773967762742;0.25
bn:00266820n;bn:16722426n;Alternative_complement_pathway;Gaillard_Formation;0.5;1.0986122886681098;0.16666666666666666
bn:00029956n;bn:18597469n;Egyptian;Hell's_Gate;0.5714285714285714;1.0986122886681098;0.16666666666666666
bn:17632690n;bn:15085694n;Santi_Pietro_e_Paterniano,_Mondavio;Margaret_Formation;0.3333333333333333;1.5040773967762742;0.25
bn:03409813n;bn:00056585n;Coon_Creek_Formation;mydriatic;0.5714285714285714;0.9444616088408514;0.14285714285714285
bn:00018595n;bn:16391447n;chlorine_water;Clyde_Formation;0.7142857142857143;0.9444616088408514;0.14285714285714285
bn:05793368n;bn:16063962n;negative_selection;Shell_Creek_Shale;0.5;1.0986122886681098;0.16666666666666666
bn:16183478n;bn:00293500n;Johns_Wash_Limestone;Multiple_gunshot_suicide;0.5714285714285714;0.9444616088408514;0.14285714285714285
bn:01353217n;bn:22621880n;Kezilesu_Group;Whitehill_Formation;0.16666666666666666;2.1972245773362196;0.5
bn:00081754n;bn:06845610n;xanthate;Ponta_da_Abra_Formation;0.5;1.0986122886681098;0.16666666666666666
bn:00073139n;bn:01984336n;sparkle_metal;Djúpalónssandur;0.5;1.0986122886681098;0.16666666666666666
bn:00006747n;bn:00071266n;athlete;shortener;0.42857142857142855;1.2809338454620642;0.2
bn:05750806n;bn:15495828n;Cihlářská_hlína;Estheria_Shales_Formation;0.5;1.5040773967762742;0.25
bn:16670890n;bn:22328757n;Skrinkle_Sandstones_Group;Bokkeveld_Group;0.16666666666666666;2.1972245773362196;0.5
bn:15654789n;bn:01226215n;El_Rayo_Formation;Dragging_death;0.5714285714285714;0.9444616088408514;0.14285714285714285
bn:19523509n;bn:19507780n;Peters_Bay;Saut_Coumaroucage;0.16666666666666666;2.1972245773362196;0.5
bn:18597898n;bn:00041154n;Isfossen;gossip;0.5714285714285714;1.0986122886681098;0.16666666666666666
bn:02070790n;bn:00284132n;Galala_marble;Huber's_equation;0.5714285714285714;1.2809338454620642;0.2
bn:15622733n;bn:01329303n;Developmental_Haemostasis;Melt_(manufacturing);0.5;1.0986122886681098;0.16666666666666666
bn:16395283n;bn:00061720n;Sedwick_Formation;unwelcome_person;0.5;1.0986122886681098;0.16666666666666666
bn:01927065n;bn:14973187n;Vanguard_Formation;Rancho_Nuevo_Formation;0.16666666666666666;2.1972245773362196;0.5
bn:16284524n;bn:15656619n;Eskridge_Shale;Ladegardsaen_Formation;0.16666666666666666;2.1972245773362196;0.5
bn:06500134n;bn:00912359n;Stordalen;hempcrete;0.5;1.0986122886681098;0.16666666666666666
bn:05264126n;bn:06947785n;polymer_entanglement;Marcílio_Dias_(Canoinhas);0.5;1.5040773967762742;0.25
bn:02161027n;bn:03084281n;Animal_suicide;Hazards_of_outdoor_activities;0.375;1.2809338454620642;0.2
bn:16077649n;bn:00023484n;Priest_Canyon_Formation;greaves;0.5;1.0986122886681098;0.16666666666666666
bn:00004113n;bn:17606675n;angiotensin;Bald_Hill_Claystone;0.5714285714285714;0.9444616088408514;0.14285714285714285
bn:23869011n;bn:16183404n;South_Koreans;Johnson_Spring_Formation;0.5;1.0986122886681098;0.16666666666666666
bn:18247740n;bn:16994649n;Eyrarfjall;1975_LaGuardia_Airport_bombing;0.5714285714285714;0.9444616088408514;0.14285714285714285
bn:01299537n;bn:16347815n;Marnes_Irisees_Superieures_Formation;Temple_Butte_Formation;0.16666666666666666;2.1972245773362196;0.5
bn:23614233n;bn:00023961n;Staunton_Formation;cross-link;0.5;1.0986122886681098;0.16666666666666666
bn:14062176n;bn:00052496n;Abrigos_del_Risco_de_San_Blas;Lysol;0.5714285714285714;0.9444616088408514;0.14285714285714285
bn:17624669n;bn:14946269n;Abbey_of_San_Caprasio,_Aulla;Uslika_Formation;0.3333333333333333;1.5040773967762742;0.25
bn:01886014n;bn:00081722n;Zhaoyin_Formation;writing_paper;0.5;1.0986122886681098;0.16666666666666666
bn:13515924n;bn:18024952n;Ngaroto;bilateral_pneumonia;0.5714285714285714;0.9444616088408514;0.14285714285714285
bn:16121832n;bn:14946764n;Chisholm_Formation;Husky_Formation;0.16666666666666666;2.1972245773362196;0.5
bn:15819884n;bn:16601771n;Río_Belgrano_Formation;Jackson_Formation;0.16666666666666666;2.1972245773362196;0.5
bn:06464054n;bn:00015773n;Defenestracja_wrocławska;captor;0.7142857142857143;1.2809338454620642;0.2
bn:16334057n;bn:16178104n;Locust_Point_Formation;Thompson_Formation;0.16666666666666666;2.1972245773362196;0.5
bn:16893242n;bn:00037043n;Fort_Thompson_Formation;galactagogue;0.5;1.0986122886681098;0.16666666666666666
bn:16059404n;bn:03261484n;Pruett_Formation;Intramolecular_reaction;0.5;1.0986122886681098;0.16666666666666666
bn:11683676n;bn:16200549n;Haväng;Fitz_Creek_Siltstone;0.3333333333333333;1.5040773967762742;0.25
bn:09266379n;bn:26685388n;Surtla;Alto_de_La_Línea;0.16666666666666666;2.1972245773362196;0.5
bn:00325536n;bn:14962806n;Postreplication_repair;Feltrim_Formation;0.5;1.0986122886681098;0.16666666666666666
bn:11277078n;bn:00045706n;Požiar_v_Matadore_v_roku_2011;ice;0.4;1.791759469228055;0.3333333333333333
bn:06528459n;bn:26692136n;Branchevermenging;lightener;0.5;1.0986122886681098;0.16666666666666666
bn:04879021n;bn:00064661n;Tournoi_de_Vannes;prohibition;0.375;1.2809338454620642;0.2
bn:24187339n;bn:16747470n;Lathumer_Feart;Cashaqua_Shale;0.5;1.5040773967762742;0.25
bn:17679714n;bn:17942958n;Upper_Lough_Skeagh;Luftangriffe_auf_Italien;0.5714285714285714;0.9444616088408514;0.14285714285714285
bn:16284490n;bn:00937098n;Herington_Formation;Standard_person;0.5;1.0986122886681098;0.16666666666666666
bn:03223701n;bn:01885949n;Candeleros_Formation;Wagad_Formation;0.16666666666666666;2.1972245773362196;0.5
bn:06947213n;bn:16405487n;Laguna_Grande_(Jalapa);Pecan_Gap_Chalk;0.3333333333333333;1.5040773967762742;0.25
bn:16395291n;bn:05081324n;Rustler_Formation;Minerální_látka;0.5;1.0986122886681098;0.16666666666666666
bn:24807669n;bn:03552485n;Poverty_Flat;Nitration;0.5;1.0986122886681098;0.16666666666666666
bn:01298346n;bn:01719216n;Stateless_nation;Blue_bottle_experiment;0.5714285714285714;0.9444616088408514;0.14285714285714285
bn:19508575n;bn:01353221n;Medessi_Soula;Dashuigou_Formation;0.5;1.5040773967762742;0.25
bn:01508605n;bn:16074273n;Administrative_centre;Beartooth_Butte_Formation;0.3333333333333333;1.5040773967762742;0.25
bn:14973417n;bn:16084771n;El_Camarón_Formation;Arrey_Formation;0.16666666666666666;2.1972245773362196;0.5
bn:00030765n;bn:16629333n;hormone;Fire_breather's_pneumonia;0.5714285714285714;1.0986122886681098;0.16666666666666666
bn:14766812n;bn:00011005n;Cabano_Formation;Black_woman;0.5714285714285714;0.9444616088408514;0.14285714285714285
bn:00133592n;bn:03902168n;Explosion_protection;formalin;0.42857142857142855;1.2809338454620642;0.2
bn:18098762n;bn:06947250n;白女羊盘组;Laguna_El_Tendedero;0.3333333333333333;1.5040773967762742;0.25
bn:17107426n;bn:01299539n;Neural_accommodation;Knollenmergel;0.5;1.0986122886681098;0.16666666666666666
bn:16059175n;bn:15195169n;Hogeye_Tuff;Bücheler_Formation;0.16666666666666666;2.1972245773362196;0.5
bn:15364689n;bn:06545984n;Calcaires_et_marnes_schisteuses;effect;0.5;1.0986122886681098;0.16666666666666666
bn:01227114n;bn:00159465n;Piling_Bay;Hypohalite;0.5;1.0986122886681098;0.16666666666666666
bn:03160661n;bn:01974408n;Nonwoven_fabric;New_Albany_Shale;0.5714285714285714;1.2809338454620642;0.2
bn:06947219n;bn:04764880n;Laguna_Comendador;Terrain_(immobilier);0.16666666666666666;2.1972245773362196;0.5
bn:00562941n;bn:00064572n;Twin_Mountains_Formation;procurer;0.5714285714285714;0.9444616088408514;0.14285714285714285
bn:14964793n;bn:16183437n;Kapp_Hanna_Formation;Chisholm_Shale;0.16666666666666666;2.1972245773362196;0.5
bn:16401524n;bn:16348850n;Blaine_Formation;Zufallslaser;0.5;1.0986122886681098;0.16666666666666666
bn:06947052n;bn:23550720n;Laguna_Cruz_Quemada;Ojos_de_Mar;0.5;1.5040773967762742;0.25
bn:14767476n;bn:10742921n;Black_River_Formation;Vila_Palmeiras;0.3333333333333333;1.5040773967762742;0.25
bn:13266859n;bn:16747256n;Blauhûster_Opfeart;Valcour_Formation;0.5;1.5040773967762742;0.25
bn:06464054n;bn:03556222n;Defenestracja_wrocławska;Barbadians;0.7142857142857143;1.2809338454620642;0.2
bn:15191728n;bn:00009897n;Subway_Formation;benefactor;0.5714285714285714;0.9444616088408514;0.14285714285714285
bn:03277199n;bn:27269996n;Capital_punishment_in_Japan;prophase;0.5714285714285714;1.0986122886681098;0.16666666666666666
bn:05963955n;bn:15031159n;Резиновая_крошка;Fecal–oral_route;0.5714285714285714;0.9444616088408514;0.14285714285714285
bn:03339097n;bn:03418644n;Clathrate_hydrate;Märkisch_Buchholz;0.5;1.0986122886681098;0.16666666666666666
bn:03148629n;bn:06937308n;Capital_punishment_in_Washington_(state);Demografia_de_Belo_Horizonte;0.5714285714285714;0.9444616088408514;0.14285714285714285
bn:02160464n;bn:16217228n;Suicide_by_hanging;Plum_Brook_Shale;0.5714285714285714;0.9444616088408514;0.14285714285714285
bn:00303222n;bn:00079632n;Charge-transfer_complex;vasodilation;0.5;1.0986122886681098;0.16666666666666666
bn:21436801n;bn:16405067n;Giardino_Reale;Pueblo_Formation;0.3333333333333333;1.5040773967762742;0.25
bn:00435468n;bn:08917871n;Malignant_transformation;Pian_dei_Giullari;0.5;1.0986122886681098;0.16666666666666666
bn:00004113n;bn:15657026n;angiotensin;Paralleldal_Formation;0.5714285714285714;0.9444616088408514;0.14285714285714285
bn:00058516n;bn:19507036n;obstructionist;Ouman_Fou_Langa_Soula;0.5714285714285714;1.0986122886681098;0.16666666666666666
bn:15479510n;bn:19507760n;Crychan_Formation;Dagou_Edé_Soula;0.5;1.5040773967762742;0.25
bn:16722395n;bn:15955023n;Crab_Orchard_Mountains_Formation;Nuclear_pasta;0.5;1.0986122886681098;0.16666666666666666
bn:03666471n;bn:00030515n;Twin-arginine_translocation_pathway;master_of_ceremonies;0.5714285714285714;1.2809338454620642;0.2
bn:13915924n;bn:15352805n;Capital_punishment_in_Yemen;Saint_Céneré_Formation;0.5714285714285714;0.9444616088408514;0.14285714285714285
bn:05066737n;bn:13859127n;Moliterka_(Bardejov);Nothe_Grits;0.3333333333333333;1.5040773967762742;0.25
bn:03286595n;bn:00057991n;sertaconazole;noradrenaline;0.5714285714285714;1.2809338454620642;0.2
bn:16074278n;bn:05244407n;Rock_Springs_Formation;Wedel-sandstone_Formation;0.16666666666666666;2.1972245773362196;0.5
bn:17797438n;bn:00013240n;Stagno_di_Orrì;broadcaster;0.5714285714285714;1.0986122886681098;0.16666666666666666
bn:16399952n;bn:00007492n;Prosser_Limestone;avower;0.5714285714285714;0.9444616088408514;0.14285714285714285
bn:16078102n;bn:11281336n;Shoshone_Formation;Požiar_v_Matadore_v_roku_2006;0.3333333333333333;1.5040773967762742;0.25
bn:00897668n;bn:00006488n;2008_Dubai_explosion;assembly;0.5714285714285714;0.9444616088408514;0.14285714285714285
bn:00006415n;bn:27267564n;asphyxia;alkylation;0.5;1.5040773967762742;0.25
bn:00022611n;bn:00001157n;Cordoba;active;0.2857142857142857;1.791759469228055;0.3333333333333333
bn:01583794n;bn:16174695n;Sea_anemone_dermatitis;Brisbois_Formation;0.5714285714285714;0.9444616088408514;0.14285714285714285
bn:03634898n;bn:06878100n;Elementary_reaction;Aquífero_Alter_do_Chão;0.5;1.0986122886681098;0.16666666666666666
bn:01885979n;bn:15364962n;Imi-n-Ifri_Formation;Grand-Auverné_Formation;0.16666666666666666;2.1972245773362196;0.5
bn:24323222n;bn:17797690n;Locharbriggs_Sandstone_Formation;Stagno_di_Pauli_Murtas;0.5;1.5040773967762742;0.25
bn:14766674n;bn:04975886n;Jupiter_Formation;Papier_gommé;0.5;1.0986122886681098;0.16666666666666666
bn:01522267n;bn:13855333n;Ullmann_condensation;Chillesford_Clay;0.5;1.0986122886681098;0.16666666666666666
bn:06771510n;bn:22586879n;Roraima_Formation;Chaicayán_Group;0.16666666666666666;2.1972245773362196;0.5
bn:16604729n;bn:00044739n;ASMR;hope;0.5;1.0986122886681098;0.16666666666666666
bn:03694641n;bn:16220787n;Fruitland_Formation;Mount_Auburn_Formation;0.16666666666666666;2.1972245773362196;0.5
bn:05065493n;bn:00036538n;Csákfalva;friend;0.5;1.0986122886681098;0.16666666666666666
bn:15351340n;bn:17651275n;Sables_et_grès_du_Mans;Prairie_Evaporite_Formation;0.16666666666666666;2.1972245773362196;0.5
bn:01863551n;bn:01508021n;Executions_of_Cossacks_in_Lebedin;4'-Methoxy-α-pyrrolidinopropiophenone;0.375;1.2809338454620642;0.2
bn:17709627n;bn:05666401n;Santa_Maria_Assunta,_Serramazoni;superconductor;0.5714285714285714;0.9444616088408514;0.14285714285714285
bn:18353034n;bn:18595961n;Rallier_Channel;Carroll;0.16666666666666666;2.1972245773362196;0.5
bn:13269569n;bn:01113128n;spijkerboor;histrionicotoxin;0.5;1.0986122886681098;0.16666666666666666
bn:18595356n;bn:16221195n;Katsui_Strait;Bluestone_Formation;0.5;1.5040773967762742;0.25
bn:00020380n;bn:00020466n;coefficient_of_elasticity;connoisseur;0.5;0.8109302162163288;0.125
bn:00060709n;bn:20033470n;parliamentarian;Pritzwalk;0.5714285714285714;0.9444616088408514;0.14285714285714285
bn:16280529n;bn:16441770n;Lecompton_Formation;Gray_Sandstone_Group;0.16666666666666666;2.1972245773362196;0.5
bn:14973265n;bn:17387499n;Juchipila_Formation;Rafah_Border_Crossing;0.3333333333333333;1.5040773967762742;0.25
bn:03546218n;bn:06947049n;Zorah;Laguna_Leche;0.16666666666666666;2.1972245773362196;0.5
bn:07518407n;bn:00031048n;Tsing_Fai_Tong;newcomer;0.5;1.0986122886681098;0.16666666666666666
bn:01420378n;bn:02077336n;phototaxis;Fordington,_Dorset;0.5;1.0986122886681098;0.16666666666666666
bn:00051820n;bn:16320162n;loess;Fort_Payne_Chert;0.5;1.0986122886681098;0.16666666666666666
bn:04781078n;bn:00032322n;salivation;expert;0.5;1.5040773967762742;0.25
bn:00954640n;bn:14978850n;Walden_inversion;Lunz_Formation;0.5;1.0986122886681098;0.16666666666666666
bn:16200249n;bn:03217352n;Eli_Formation;Precast_concrete;0.5;1.5040773967762742;0.25
bn:15008538n;bn:02396805n;Hillsborough_River_Formation;polytrope;0.5;1.0986122886681098;0.16666666666666666
bn:11814144n;bn:16405374n;Dilucu_Border_Crossing;Cuchillo_Formation;0.3333333333333333;1.5040773967762742;0.25
bn:05438192n;bn:00010734n;titanium_sulfides;bit;0.5;1.0986122886681098;0.16666666666666666
bn:15656641n;bn:00875521n;Palnatokes_Bjerg_Formation;Linköping_Bloodbath;0.5714285714285714;0.9444616088408514;0.14285714285714285
bn:02935064n;bn:00798363n;Magnesium_(medical_use);Hockley,_West_Midlands;0.5;1.0986122886681098;0.16666666666666666
bn:16084281n;bn:00061261n;Todilto_Formation;peen;0.3333333333333333;1.5040773967762742;0.25
bn:03742885n;bn:03068698n;Lake_Saltonstall_(Massachusetts);Tyrosine_phosphorylation;0.5;1.0986122886681098;0.16666666666666666
bn:25675560n;bn:00150313n;Bredereck_synthesis;Fragmentation_(cell_biology);0.5;1.5040773967762742;0.25
bn:16298908n;bn:00342402n;Cherryville_Shale;KPR;0.5714285714285714;1.2809338454620642;0.2
bn:15191945n;bn:15086117n;Hangenberg-Kalk;Churchill_River_Formation;0.16666666666666666;2.1972245773362196;0.5
bn:00028626n;bn:17623600n;draw;Trinidadians_and_Tobagonians;0.6;1.2809338454620642;0.2
bn:15200430n;bn:04274647n;Oberhofer_Formation;Gokumon;0.5714285714285714;0.9444616088408514;0.14285714285714285
bn:17555400n;bn:08766057n;Adamantyl-THPINACA;Putkolan_pamaus;0.5;1.2809338454620642;0.2
bn:13864026n;bn:26181353n;Forest_Hollow_Beds;Cell_proliferation;0.5;1.0986122886681098;0.16666666666666666
bn:01500366n;bn:00079086n;Hepatorenal_syndrome;unilateralist;0.5;1.0986122886681098;0.16666666666666666
bn:21427000n;bn:06577081n;Migration_(ecology);Monniken_en_nonnen;0.5;1.0986122886681098;0.16666666666666666
bn:23772177n;bn:01353300n;Petroleum_ether;Point_Loma_Formation;0.5;1.0986122886681098;0.16666666666666666
bn:16273043n;bn:00075678n;North_Hill_Group;symphysis;0.5;1.0986122886681098;0.16666666666666666
bn:05526903n;bn:06526393n;waste_product;Temple_of_Hercules_Pompeianus;0.5;1.0986122886681098;0.16666666666666666
bn:20033449n;bn:11278849n;Calau;Zúbra_(dolina);0.16666666666666666;2.1972245773362196;0.5
bn:15479016n;bn:01498377n;Spring_Quarry_Limestone;Aachen_Formation;0.16666666666666666;2.1972245773362196;0.5
bn:06891704n;bn:16664686n;Ponta_Barro_Bóbó;Kojarena_Sandstone;0.16666666666666666;2.1972245773362196;0.5
bn:16979502n;bn:00199519n;Forest_Hill_Formation;Beheading_of_Ghulam_Nabi;0.5714285714285714;0.9444616088408514;0.14285714285714285
bn:26520043n;bn:09256850n;Persulfidation;Fagridalur_í_Vopnafirði;0.5;1.0986122886681098;0.16666666666666666
bn:00062976n;bn:14635589n;pleaser;Death_by_coconut;0.42857142857142855;1.2809338454620642;0.2
bn:03774124n;bn:00064636n;polyimide;profiteer;0.5;0.8109302162163288;0.125
bn:14378014n;bn:16975651n;Pays_d'Yveline;Byron_Formation;0.3333333333333333;1.5040773967762742;0.25
bn:00019762n;bn:16515760n;client;Capital_punishment_in_Luxembourg;0.375;1.0986122886681098;0.16666666666666666
bn:03199482n;bn:00001215n;Kaibab_Limestone;acute_renal_failure;0.5;1.0986122886681098;0.16666666666666666
bn:06814196n;bn:14970913n;Pindó_Mirï;Rossfeld_Formation;0.3333333333333333;1.5040773967762742;0.25
bn:01886022n;bn:16220043n;Sainshand_Svita;Poul_Creek_Formation;0.16666666666666666;2.1972245773362196;0.5
bn:15351446n;bn:16204074n;Craie_de_Sens;Gaikema_Formation;0.16666666666666666;2.1972245773362196;0.5
bn:01033485n;bn:01607774n;Glycerolysis;Household_chemicals;0.3333333333333333;1.5040773967762742;0.25
bn:05531034n;bn:00068213n;Gasometerexplosion_in_Neunkirchen_(Saar);romper;0.5714285714285714;1.2809338454620642;0.2
bn:01596943n;bn:06803309n;Conditioned_taste_aversion;Gaviões_(Silva_Jardim);0.5;1.0986122886681098;0.16666666666666666
bn:05161108n;bn:00020061n;Hartsalz;clumsy_person;0.5;1.0986122886681098;0.16666666666666666
bn:00043936n;bn:01862250n;heterosexual;Northampton_Sand_Formation;0.5;1.0986122886681098;0.16666666666666666
bn:01862252n;bn:00052661n;Okurodani_Formation;whirlpool;0.5;1.5040773967762742;0.25
bn:05129197n;bn:03430291n;Active_substance;Juno_Beach;0.5;1.0986122886681098;0.16666666666666666
bn:03346822n;bn:17743988n;Pole_of_inaccessibility;Nanuuseq_Fjord;0.5;1.5040773967762742;0.25
bn:01162375n;bn:16924495n;Animorphs;Ogallala_Formation;0.5714285714285714;0.9444616088408514;0.14285714285714285
bn:16186505n;bn:02774264n;Caesar_Canyon_Limestone;Presumpscot_Formation;0.16666666666666666;2.1972245773362196;0.5
bn:15009157n;bn:17600434n;Cumberland_Formation;Sabine–Neches_Waterway;0.5;1.5040773967762742;0.25
bn:16747234n;bn:16850807n;Fort_Ann_Formation;Cabrillo_Formation;0.16666666666666666;2.1972245773362196;0.5
bn:17736500n;bn:16600565n;Bioremediation_of_radioactive_waste;Old_Church_Formation;0.5;1.0986122886681098;0.16666666666666666
bn:09261058n;bn:21097870n;Bolungavík;Berea_Sandstone;0.3333333333333333;1.5040773967762742;0.25
bn:17158618n;bn:16174521n;transport;Scotts_Mills_Formation;0.5;1.0986122886681098;0.16666666666666666
bn:05428288n;bn:14770906n;natural_product;Gasport_Formation;0.5;1.0986122886681098;0.16666666666666666
bn:00079109n;bn:15821787n;whole;Hekou_Formation;0.4;1.791759469228055;0.3333333333333333
bn:16415509n;bn:13266928n;Redoak_Hollow_Formation;Dongfeart;0.5;1.5040773967762742;0.25
bn:15090376n;bn:01984336n;Christopher_Formation;Djúpalónssandur;0.3333333333333333;1.5040773967762742;0.25
bn:15011654n;bn:17586415n;Arisaig_Group;Chiesa_del_Cristo,_Reggio_Emilia;0.3333333333333333;1.5040773967762742;0.25
bn:09266531n;bn:04060659n;Dragháls_í_Svínadal;Bratislavsko-trnavská_aglomerace;0.16666666666666666;2.1972245773362196;0.5
bn:16177989n;bn:00006426n;Chatsworth_Formation;aspirant;0.5714285714285714;0.9444616088408514;0.14285714285714285
bn:06769205n;bn:16174419n;packing_paper;Alsea_Formation;0.5;1.0986122886681098;0.16666666666666666
bn:06871037n;bn:17158466n;Coronel_Fabriciano_geography;Papier_chinois;0.5;1.0986122886681098;0.16666666666666666
bn:00033948n;bn:00076845n;feedback;there;0.5;1.0986122886681098;0.16666666666666666
bn:05342818n;bn:17710678n;Reichenhall_Formation;Murder_of_Anastasiya_Meshcheryakova;0.7142857142857143;0.9444616088408514;0.14285714285714285
bn:16691461n;bn:00599215n;Punctate_hemorrhage;Capital_punishment_in_Ireland;0.25;1.5040773967762742;0.25
bn:02565563n;bn:25117559n;Yeni_Eskihisar;വട്ടക്കായൽ;0.5;1.5040773967762742;0.25
bn:15160286n;bn:20037522n;Zuckeranhydrid;Dahme;0.5;1.0986122886681098;0.16666666666666666
bn:00268673n;bn:16667037n;Environmental_hazard;San_Donnino,_Bologna;0.5714285714285714;0.9444616088408514;0.14285714285714285
bn:00173947n;bn:00036682n;Juniata_Formation;fructification;0.5;1.0986122886681098;0.16666666666666666
bn:02759221n;bn:15081801n;Madygen_Formation;Nordegg_Formation;0.16666666666666666;2.1972245773362196;0.5
bn:22358326n;bn:03756079n;Türisalu_kihistu;Haslar;0.3333333333333333;1.5040773967762742;0.25
bn:01686044n;bn:00054618n;Visual_learning;methanol;0.5;1.0986122886681098;0.16666666666666666
bn:05062515n;bn:06807239n;Kisélesd;Modulação_(biologia);0.5;1.0986122886681098;0.16666666666666666
bn:15082083n;bn:25614429n;Mural_Formation;Stöckacker;0.3333333333333333;1.5040773967762742;0.25
bn:15195477n;bn:06840746n;Junkerberg_Formation;Parque_Raposo_Tavares;0.3333333333333333;1.5040773967762742;0.25
bn:16555208n;bn:01078384n;toxification;DIDS;0.3333333333333333;1.5040773967762742;0.25
bn:01353295n;bn:00078170n;Javelina_Formation;trench_warfare;0.5714285714285714;0.9444616088408514;0.14285714285714285
bn:00045971n;bn:01872019n;persona;Lisangou_Formation;0.5;1.0986122886681098;0.16666666666666666
bn:17648392n;bn:22545674n;Dimethyl_dithiophosphoric_acid;Garie_Formation;0.5;1.0986122886681098;0.16666666666666666
bn:15656425n;bn:00079631n;Celcius_Bjerg_Formation;vasoconstriction;0.5;1.0986122886681098;0.16666666666666666
bn:15196813n;bn:13859893n;Wilder_Schiefer_Formation;Creechbarrow_Limestone;0.16666666666666666;2.1972245773362196;0.5
bn:00003864n;bn:15362720n;anastomosis;Falun_de_Pierrefitte`;0.5;1.0986122886681098;0.16666666666666666
bn:17735781n;bn:13860463n;Sanctuary_of_the_Madonna_del_Piano,_Ausonia;Cheney_Longville_Formation;0.3333333333333333;1.5040773967762742;0.25
bn:11683676n;bn:02031295n;Haväng;Casselman_Formation;0.3333333333333333;1.5040773967762742;0.25
bn:03768391n;bn:01862319n;Peruvians;Williams_Formation;0.5;1.0986122886681098;0.16666666666666666
bn:15959634n;bn:01885922n;Embalse_Caren;Abu_Agag_Formation;0.5;1.5040773967762742;0.25
bn:15365384n;bn:00033754n;Schistes_d'Angers;fastener;0.5;1.0986122886681098;0.16666666666666666
bn:01353294n;bn:00053176n;Aguja_Formation;maneuverer;0.5714285714285714;0.9444616088408514;0.14285714285714285
bn:16123437n;bn:07209802n;Railroad_Canyon_Beds_Formation;Gamlem;0.3333333333333333;1.5040773967762742;0.25
bn:14045197n;bn:00017334n;Necpaly_(Prievidza);cerebral_hemorrhage;0.5714285714285714;0.9444616088408514;0.14285714285714285
bn:09263879n;bn:01862115n;Haffjörður;hydroacylation;0.5;1.0986122886681098;0.16666666666666666
bn:06975321n;bn:00080703n;Geografia_de_Canoas;waver;0.5714285714285714;0.9444616088408514;0.14285714285714285
bn:16223110n;bn:02013317n;Petosky_Limestone;Resin_acid;0.5;1.0986122886681098;0.16666666666666666
bn:00077769n;bn:00873328n;towhead;Sagnac_effect;0.5714285714285714;0.9444616088408514;0.14285714285714285
bn:00077945n;bn:06697005n;trans_fatty_acid;Eeuwige_tweede;0.5;1.0986122886681098;0.16666666666666666
bn:16405369n;bn:16281066n;Main_Street_Limestone;Neva_Formation;0.16666666666666666;2.1972245773362196;0.5
bn:05078338n;bn:15235541n;Krásno_nad_Kysucou;Nanocrystalline_material;0.5714285714285714;0.9444616088408514;0.14285714285714285
bn:04765266n;bn:01944624n;Combat_de_Bais;Bohdašín_Formation;0.5714285714285714;0.9444616088408514;0.14285714285714285
bn:17985680n;bn:16893882n;Pizarras_del_Narcea;Williston_Formation;0.16666666666666666;2.1972245773362196;0.5
bn:07524409n;bn:16059184n;魏登哈根咪唑合成;Devil's_Graveyard_Formation;0.5;1.0986122886681098;0.16666666666666666
bn:15191570n;bn:04086450n;Elligserbrink_Shale_Formation;dimerization;0.5;1.0986122886681098;0.16666666666666666
bn:00010820n;bn:14946192n;Black;Ptarmigan_Formation;0.5;1.0986122886681098;0.16666666666666666
bn:16065384n;bn:03611672n;El_Plan_Formation;Night_of_the_Murdered_Poets;0.5714285714285714;0.9444616088408514;0.14285714285714285
bn:01983376n;bn:16204065n;Raid_on_Darwin_(2_May_1943);Red_Glacier_Formation;0.5714285714285714;0.9444616088408514;0.14285714285714285
bn:18827878n;bn:00025248n;North_Brighton;dark_matter;0.6;1.2809338454620642;0.2
bn:16121832n;bn:14946284n;Chisholm_Formation;Comox_Formation;0.16666666666666666;2.1972245773362196;0.5
bn:00013047n;bn:04943135n;brick;Fuente_García;0.5;1.0986122886681098;0.16666666666666666
bn:15653841n;bn:21797044n;Sabana_Grande_Formation;Bombing_of_Tokyo_(10_March_1945);0.5714285714285714;0.9444616088408514;0.14285714285714285
bn:00355022n;bn:14971095n;Bloch_oscillation;Khachik_Formation;0.5;1.0986122886681098;0.16666666666666666
bn:00007311n;bn:02770575n;auto-da-fe;Sky_News_Arabia;0.7142857142857143;0.9444616088408514;0.14285714285714285
bn:00615318n;bn:00031631n;Collective_memory;necessity;0.6;1.2809338454620642;0.2
bn:13860171n;bn:21266244n;Hope_Shale;Pen-y-fan_Pond;0.5;1.5040773967762742;0.25
bn:06947206n;bn:00058580n;Laguna_Carrillo;oceanfront;0.3333333333333333;1.5040773967762742;0.25
